{
  "03_POST_Add_New_Pet" : {
    "transaction" : "03_POST_Add_New_Pet",
    "sampleCount" : 5000,
    "errorCount" : 0,
    "errorPct" : 0.0,
    "meanResTime" : 278.86360000000104,
    "medianResTime" : 278.0,
    "minResTime" : 251.0,
    "maxResTime" : 389.0,
    "pct1ResTime" : 292.0,
    "pct2ResTime" : 297.0,
    "pct3ResTime" : 306.0,
    "throughput" : 90.08522061870529,
    "receivedKBytesPerSec" : 42.227447165018106,
    "sentKBytesPerSec" : 40.995813289371746
  },
  "04_DELETE_Pet_By_ID" : {
    "transaction" : "04_DELETE_Pet_By_ID",
    "sampleCount" : 5000,
    "errorCount" : 0,
    "errorPct" : 0.0,
    "meanResTime" : 278.52240000000097,
    "medianResTime" : 278.0,
    "minResTime" : 250.0,
    "maxResTime" : 393.0,
    "pct1ResTime" : 291.0,
    "pct2ResTime" : 296.0,
    "pct3ResTime" : 308.9899999999998,
    "throughput" : 90.09983061231846,
    "receivedKBytesPerSec" : 33.87542459545176,
    "sentKBytesPerSec" : 20.765195336432768
  },
  "02_GET_User_By_Name" : {
    "transaction" : "02_GET_User_By_Name",
    "sampleCount" : 5000,
    "errorCount" : 0,
    "errorPct" : 0.0,
    "meanResTime" : 278.66020000000043,
    "medianResTime" : 278.0,
    "minResTime" : 252.0,
    "maxResTime" : 382.0,
    "pct1ResTime" : 291.0,
    "pct2ResTime" : 296.0,
    "pct3ResTime" : 307.9899999999998,
    "throughput" : 90.12419113538456,
    "receivedKBytesPerSec" : 45.23466931181168,
    "sentKBytesPerSec" : 19.450631094648426
  },
  "Total" : {
    "transaction" : "Total",
    "sampleCount" : 25000,
    "errorCount" : 0,
    "errorPct" : 0.0,
    "meanResTime" : 311.886359999999,
    "medianResTime" : 278.0,
    "minResTime" : 248.0,
    "maxResTime" : 1359.0,
    "pct1ResTime" : 294.0,
    "pct2ResTime" : 303.0,
    "pct3ResTime" : 1119.0,
    "throughput" : 433.5385415763461,
    "receivedKBytesPerSec" : 181.37159401283273,
    "sentKBytesPerSec" : 158.76655575305645
  },
  "01.1_PUT_Update_User" : {
    "transaction" : "01.1_PUT_Update_User",
    "sampleCount" : 5000,
    "errorCount" : 0,
    "errorPct" : 0.0,
    "meanResTime" : 278.79419999999953,
    "medianResTime" : 278.0,
    "minResTime" : 248.0,
    "maxResTime" : 391.0,
    "pct1ResTime" : 291.0,
    "pct2ResTime" : 296.0,
    "pct3ResTime" : 307.0,
    "throughput" : 90.14206389269488,
    "receivedKBytesPerSec" : 33.62721524122016,
    "sentKBytesPerSec" : 41.28576949772842
  },
  "01_POST_Create_User_List" : {
    "transaction" : "01_POST_Create_User_List",
    "sampleCount" : 5000,
    "errorCount" : 0,
    "errorPct" : 0.0,
    "meanResTime" : 444.5913999999997,
    "medianResTime" : 281.0,
    "minResTime" : 253.0,
    "maxResTime" : 1359.0,
    "pct1ResTime" : 1104.0,
    "pct2ResTime" : 1123.0,
    "pct3ResTime" : 1157.9899999999998,
    "throughput" : 88.41420285754702,
    "receivedKBytesPerSec" : 32.89630008664592,
    "sentKBytesPerSec" : 41.703183574409394
  }
}