{
  "03_POST_Add_New_Pet" : {
    "transaction" : "03_POST_Add_New_Pet",
    "sampleCount" : 500,
    "errorCount" : 0,
    "errorPct" : 0.0,
    "meanResTime" : 277.0639999999997,
    "medianResTime" : 277.0,
    "minResTime" : 255.0,
    "maxResTime" : 371.0,
    "pct1ResTime" : 288.0,
    "pct2ResTime" : 292.0,
    "pct3ResTime" : 310.9200000000001,
    "throughput" : 34.02517863218782,
    "receivedKBytesPerSec" : 15.916074770330043,
    "sentKBytesPerSec" : 15.4508867812181
  },
  "04_DELETE_Pet_By_ID" : {
    "transaction" : "04_DELETE_Pet_By_ID",
    "sampleCount" : 500,
    "errorCount" : 242,
    "errorPct" : 48.4,
    "meanResTime" : 276.4520000000001,
    "medianResTime" : 276.0,
    "minResTime" : 254.0,
    "maxResTime" : 372.0,
    "pct1ResTime" : 286.0,
    "pct2ResTime" : 290.0,
    "pct3ResTime" : 342.95000000000005,
    "throughput" : 34.039076860235554,
    "receivedKBytesPerSec" : 11.284485839744026,
    "sentKBytesPerSec" : 7.811702209136088
  },
  "02_GET_User_By_Name" : {
    "transaction" : "02_GET_User_By_Name",
    "sampleCount" : 500,
    "errorCount" : 0,
    "errorPct" : 0.0,
    "meanResTime" : 277.14599999999973,
    "medianResTime" : 277.0,
    "minResTime" : 253.0,
    "maxResTime" : 367.0,
    "pct1ResTime" : 288.0,
    "pct2ResTime" : 291.95,
    "pct3ResTime" : 301.98,
    "throughput" : 33.96739130434782,
    "receivedKBytesPerSec" : 17.039821458899457,
    "sentKBytesPerSec" : 7.33085300611413
  },
  "Total" : {
    "transaction" : "Total",
    "sampleCount" : 2500,
    "errorCount" : 242,
    "errorPct" : 9.68,
    "meanResTime" : 312.1011999999999,
    "medianResTime" : 277.0,
    "minResTime" : 253.0,
    "maxResTime" : 2039.0,
    "pct1ResTime" : 290.0,
    "pct2ResTime" : 312.89999999999964,
    "pct3ResTime" : 1118.0,
    "throughput" : 142.38523749857615,
    "receivedKBytesPerSec" : 58.2657077614193,
    "sentKBytesPerSec" : 52.08741207711584
  },
  "01.1_PUT_Update_User" : {
    "transaction" : "01.1_PUT_Update_User",
    "sampleCount" : 500,
    "errorCount" : 0,
    "errorPct" : 0.0,
    "meanResTime" : 277.07399999999996,
    "medianResTime" : 276.0,
    "minResTime" : 257.0,
    "maxResTime" : 372.0,
    "pct1ResTime" : 286.0,
    "pct2ResTime" : 290.0,
    "pct3ResTime" : 344.6800000000003,
    "throughput" : 34.002040122407344,
    "receivedKBytesPerSec" : 12.684354811288678,
    "sentKBytesPerSec" : 15.57320001700102
  },
  "01_POST_Create_User_List" : {
    "transaction" : "01_POST_Create_User_List",
    "sampleCount" : 500,
    "errorCount" : 0,
    "errorPct" : 0.0,
    "meanResTime" : 452.7699999999998,
    "medianResTime" : 279.0,
    "minResTime" : 255.0,
    "maxResTime" : 2039.0,
    "pct1ResTime" : 1098.0,
    "pct2ResTime" : 1118.0,
    "pct3ResTime" : 1736.0600000000009,
    "throughput" : 30.367446097783176,
    "receivedKBytesPerSec" : 11.298825159429093,
    "sentKBytesPerSec" : 14.323707485575463
  }
}