{
  "03_POST_Add_New_Pet" : {
    "transaction" : "03_POST_Add_New_Pet",
    "sampleCount" : 500,
    "errorCount" : 0,
    "errorPct" : 0.0,
    "meanResTime" : 275.8459999999998,
    "medianResTime" : 275.0,
    "minResTime" : 256.0,
    "maxResTime" : 303.0,
    "pct1ResTime" : 286.0,
    "pct2ResTime" : 288.95,
    "pct3ResTime" : 295.99,
    "throughput" : 32.73751063969096,
    "receivedKBytesPerSec" : 15.28176766188699,
    "sentKBytesPerSec" : 14.834184508609965
  },
  "04_DELETE_Pet_By_ID" : {
    "transaction" : "04_DELETE_Pet_By_ID",
    "sampleCount" : 500,
    "errorCount" : 223,
    "errorPct" : 44.6,
    "meanResTime" : 275.60999999999973,
    "medianResTime" : 275.0,
    "minResTime" : 253.0,
    "maxResTime" : 301.0,
    "pct1ResTime" : 287.0,
    "pct2ResTime" : 290.95,
    "pct3ResTime" : 296.0,
    "throughput" : 32.71823059808925,
    "receivedKBytesPerSec" : 10.940605675795053,
    "sentKBytesPerSec" : 7.47662691401649
  },
  "02_GET_User_By_Name" : {
    "transaction" : "02_GET_User_By_Name",
    "sampleCount" : 500,
    "errorCount" : 275,
    "errorPct" : 55.0,
    "meanResTime" : 275.50000000000034,
    "medianResTime" : 275.0,
    "minResTime" : 255.0,
    "maxResTime" : 296.0,
    "pct1ResTime" : 286.0,
    "pct2ResTime" : 289.0,
    "pct3ResTime" : 292.99,
    "throughput" : 32.72037170342255,
    "receivedKBytesPerSec" : 14.264037039460767,
    "sentKBytesPerSec" : 7.093674334140435
  },
  "Total" : {
    "transaction" : "Total",
    "sampleCount" : 2500,
    "errorCount" : 498,
    "errorPct" : 19.92,
    "meanResTime" : 308.8987999999996,
    "medianResTime" : 275.0,
    "minResTime" : 253.0,
    "maxResTime" : 1450.0,
    "pct1ResTime" : 288.0,
    "pct2ResTime" : 294.0,
    "pct3ResTime" : 1111.0,
    "throughput" : 142.40956992309884,
    "receivedKBytesPerSec" : 56.457995852321275,
    "sentKBytesPerSec" : 52.096313372258614
  },
  "01.1_PUT_Update_User" : {
    "transaction" : "01.1_PUT_Update_User",
    "sampleCount" : 500,
    "errorCount" : 0,
    "errorPct" : 0.0,
    "meanResTime" : 275.9800000000001,
    "medianResTime" : 275.0,
    "minResTime" : 254.0,
    "maxResTime" : 298.0,
    "pct1ResTime" : 286.0,
    "pct2ResTime" : 289.0,
    "pct3ResTime" : 294.0,
    "throughput" : 32.72893892779996,
    "receivedKBytesPerSec" : 12.209428389081626,
    "sentKBytesPerSec" : 14.990109723767755
  },
  "01_POST_Create_User_List" : {
    "transaction" : "01_POST_Create_User_List",
    "sampleCount" : 500,
    "errorCount" : 0,
    "errorPct" : 0.0,
    "meanResTime" : 441.5580000000002,
    "medianResTime" : 277.0,
    "minResTime" : 258.0,
    "maxResTime" : 1450.0,
    "pct1ResTime" : 1096.9,
    "pct2ResTime" : 1111.0,
    "pct3ResTime" : 1141.98,
    "throughput" : 30.406227195329603,
    "receivedKBytesPerSec" : 11.313254454512284,
    "sentKBytesPerSec" : 14.371693322792508
  }
}